Designator,Mid X,Mid Y,Layer,Rotation
J1,44.7024mm,18.098mm,Top,0.0
J8,7.4mm,71.9622mm,Top,0.0
Q1,68.0mm,61.5872mm,Top,180.0
Q2,82.0mm,61.5872mm,Top,180.0
Q3,68.0316mm,53.5432mm,Top,180.0
Q4,82.0mm,54.5872mm,Top,180.0
Q5,68.0316mm,45.3644mm,Top,180.0
Q6,82.0mm,46.7858mm,Top,180.0
Q7,82.1354mm,38.3022mm,Top,180.0
R1,64.3mm,61.5872mm,Top,180.0
R2,78.0mm,61.5872mm,Top,180.0
R3,64.3316mm,53.5432mm,Top,0.0
R4,78.0mm,54.5872mm,Top,180.0
R5,64.3316mm,45.3644mm,Top,0.0
R6,78.0mm,46.7858mm,Top,180.0
R7,76.6604mm,37.8272mm,Top,270.0
SW_BOOT,16.0mm,71.0872mm,Top,90.0
SW_RESET,20.0mm,71.1872mm,Top,90.0
R148,37.48119mm,72.26119mm,Bottom,180.0
R142,38.881190000000004mm,73.16119mm,Bottom,180.0
U108,55.06139mm,40.070190000000004mm,Top,0.0
VD103,57.881190000000004mm,44.65619mm,Bottom,270.0
U101,29.83119mm,69.50759000000001mm,Top,270.0
C119,37.48129mm,64.78059mm,Bottom,0.0
R147,46.49279mm,72.57749000000001mm,Bottom,0.0
R146,26.81509mm,71.16119mm,Bottom,270.0
R141,39.881190000000004mm,73.16119mm,Bottom,180.0
U102,34.93769mm,67.78969000000001mm,Bottom,180.0
R109,34.99749mm,67.19399mm,Top,180.0
R108,32.08119mm,66.80519000000001mm,Bottom,180.0
Q103,35.72399mm,69.25799mm,Top,180.0
Q102,40.27619mm,71.86119mm,Top,180.0
Q101,34.55369mm,72.09619mm,Bottom,0.0
Q100,31.18119mm,69.45619mm,Bottom,270.0
L100,41.08059mm,53.411190000000005mm,Bottom,180.0
F100,42.936189999999996mm,72.08959mm,Bottom,180.0
C120,39.181290000000004mm,53.260690000000004mm,Top,0.0
C107,34.05969mm,69.86119000000001mm,Bottom,0.0
C106,34.08469mm,65.51809mm,Bottom,0.0
U110,33.63429mm,63.46609000000001mm,Bottom,270.0
R145,33.67339mm,60.50589000000001mm,Bottom,0.0
R144,33.67339mm,61.45139mm,Bottom,0.0
R143,27.07799mm,49.292390000000005mm,Bottom,270.0
R107,35.79509mm,71.43959000000001mm,Top,0.0
D108,35.434290000000004mm,72.81119000000001mm,Top,180.0
U107,56.78769mm,49.26509mm,Bottom,0.0
U106,57.47359mm,62.69299mm,Top,0.0
C134,56.78769mm,47.52879mm,Bottom,0.0
C126,57.77639mm,64.63629mm,Top,180.0
VD102,54.52739mm,44.65619mm,Bottom,270.0
VD101,57.881190000000004mm,40.26619mm,Bottom,90.0
VD100,54.52739mm,40.26619mm,Bottom,90.0
U109,55.06139mm,42.545190000000005mm,Top,0.0
U103,32.18119mm,55.88619mm,Bottom,270.0
U100,29.781290000000002mm,62.56169mm,Top,90.0
U195,36.98119mm,48.411190000000005mm,Top,90.0
U190,51.18119mm,48.411190000000005mm,Top,90.0
U185,29.88119mm,48.411190000000005mm,Top,90.0
U180,44.08119mm,48.411190000000005mm,Top,90.0
S101,45.88089mm,71.67549mm,Top,0.0
S100,57.02769mm,58.56119mm,Top,90.0
R140,50.98129mm,42.36119mm,Bottom,0.0
R111,27.18119mm,53.71119mm,Bottom,180.0
R112,27.18119mm,54.76119mm,Bottom,180.0
R117,27.18119mm,60.01119mm,Bottom,180.0
R115,27.18119mm,57.911190000000005mm,Bottom,180.0
R116,27.18119mm,58.96119mm,Bottom,180.0
R114,27.18119mm,56.86119000000001mm,Bottom,180.0
R113,27.18119mm,55.81119mm,Bottom,180.0
R110,27.18119mm,52.661190000000005mm,Bottom,180.0
R120,57.49949mm,65.84819mm,Top,0.0
R100,26.88129mm,62.56119mm,Bottom,90.0
R258,47.63889mm,41.85609mm,Bottom,270.0
R255,26.83119mm,39.96119mm,Bottom,270.0
R256,48.58119mm,44.56119mm,Bottom,90.0
R254,26.73119mm,42.411190000000005mm,Top,270.0
R245,44.28129mm,40.911190000000005mm,Bottom,0.0
R227,39.48119mm,40.911190000000005mm,Bottom,0.0
R200,29.88129mm,40.911190000000005mm,Bottom,0.0
R197,36.98129mm,49.76119mm,Bottom,180.0
R196,36.98119mm,46.96119mm,Bottom,0.0
R195,39.83129mm,46.46119mm,Bottom,270.0
R191,51.08119mm,49.76119mm,Bottom,180.0
R190,51.08119mm,46.96119mm,Bottom,0.0
R186,29.88119mm,49.76119mm,Bottom,180.0
R185,29.88119mm,46.96119mm,Bottom,0.0
R181,44.08119mm,49.76119mm,Bottom,180.0
R180,44.08119mm,46.96119mm,Bottom,0.0
R139,52.18119mm,39.86119mm,Top,270.0
R138,50.98119mm,39.86119mm,Top,270.0
R137,49.78119mm,39.86119mm,Top,270.0
R136,48.58119mm,39.86119mm,Top,270.0
R135,52.18119mm,40.86119mm,Top,90.0
R132,50.98119mm,40.86119mm,Top,90.0
R126,49.78119mm,40.86119mm,Top,90.0
R124,48.58119mm,40.86119mm,Top,90.0
R119,27.781190000000002mm,53.76119mm,Top,90.0
R118,27.781190000000002mm,57.86119000000001mm,Top,90.0
R253,46.18119mm,39.86119mm,Top,90.0
R252,44.98119mm,39.86119mm,Top,90.0
R251,43.78119mm,39.86119mm,Top,90.0
R250,42.58119mm,39.86119mm,Top,90.0
R249,46.18119mm,40.86119mm,Top,270.0
R248,44.98119mm,40.86119mm,Top,270.0
R247,43.78119mm,40.86119mm,Top,270.0
R246,42.58119mm,40.86119mm,Top,270.0
R235,41.381190000000004mm,39.86119mm,Top,90.0
R234,40.18119mm,39.86119mm,Top,90.0
R233,38.98119mm,39.86119mm,Top,90.0
R232,37.78119mm,39.86119mm,Top,90.0
R231,41.381190000000004mm,40.86119mm,Top,270.0
R230,40.18119mm,40.86119mm,Top,270.0
R229,38.98119mm,40.86119mm,Top,270.0
R228,37.78119mm,40.86119mm,Top,270.0
R226,36.58119mm,39.86119mm,Top,270.0
R225,35.381190000000004mm,39.86119mm,Top,270.0
R224,34.18119mm,39.86119mm,Top,270.0
R223,32.98119mm,39.86119mm,Top,270.0
R222,36.58119mm,40.86119mm,Top,90.0
R221,35.381190000000004mm,40.86119mm,Top,90.0
R220,34.18119mm,40.86119mm,Top,90.0
R219,32.98119mm,40.86119mm,Top,90.0
R218,34.68119mm,40.911190000000005mm,Bottom,0.0
R208,31.781190000000002mm,39.86119mm,Top,270.0
R207,30.58119mm,39.86119mm,Top,270.0
R206,29.38119mm,39.86119mm,Top,270.0
R205,28.18119mm,39.86119mm,Top,270.0
R204,31.781190000000002mm,40.86119mm,Top,90.0
R203,30.58119mm,40.86119mm,Top,90.0
R202,29.38119mm,40.86119mm,Top,90.0
R201,28.18119mm,40.86119mm,Top,90.0
P106,49.08119mm,51.81119mm,Top,270.0
P105,41.46119mm,51.81119mm,Top,270.0
P104,45.47119mm,51.81119mm,Top,270.0
P201,47.43119mm,40.36119mm,Top,90.0
P200,26.88119mm,38.86119mm,Top,90.0
J100,52.631190000000004mm,61.661190000000005mm,Bottom,90.0
D100,30.281190000000002mm,61.85349000000001mm,Bottom,180.0
D205,56.87769mm,47.11759000000001mm,Top,90.0
D206,44.381190000000004mm,43.661190000000005mm,Top,180.0
D203,39.58119mm,43.661190000000005mm,Top,180.0
D200,29.98119mm,43.661190000000005mm,Top,180.0
D116,31.31729mm,52.46069mm,Top,180.0
D115,35.55559mm,52.46069mm,Top,180.0
D114,31.31729mm,54.394090000000006mm,Top,180.0
D113,35.55559mm,54.394090000000006mm,Top,180.0
D112,31.31729mm,56.32739000000001mm,Top,180.0
D111,35.55559mm,56.32739000000001mm,Top,180.0
D110,31.31729mm,58.260690000000004mm,Top,180.0
D109,35.434290000000004mm,58.400090000000006mm,Top,180.0
D202,34.78119mm,43.661190000000005mm,Top,180.0
C143,48.58119mm,42.761190000000006mm,Top,270.0
C144,49.78119mm,42.761190000000006mm,Top,90.0
C145,50.98119mm,42.761190000000006mm,Top,270.0
C146,52.18119mm,42.761190000000006mm,Top,270.0
C112,37.493390000000005mm,52.14649mm,Bottom,0.0
C111,27.18119mm,51.661190000000005mm,Bottom,180.0
C123,52.78119mm,70.28619mm,Bottom,0.0
C105,30.98119mm,64.06119000000001mm,Bottom,0.0
C100,28.40869mm,64.06119000000001mm,Bottom,180.0
C229,48.58119mm,41.85609mm,Bottom,90.0
C224,26.73119mm,40.46119mm,Top,90.0
C223,26.73119mm,44.71119mm,Top,90.0
C222,26.781190000000002mm,41.761190000000006mm,Bottom,270.0
C221,47.00389mm,44.53399mm,Top,270.0
C220,46.89649mm,44.56119mm,Bottom,270.0
C225,42.38129mm,43.61119mm,Bottom,270.0
C226,43.48119mm,43.61119mm,Bottom,270.0
C227,45.63129mm,43.61119mm,Bottom,270.0
C228,46.69649mm,40.85609mm,Bottom,90.0
C212,37.58129mm,43.61119mm,Bottom,270.0
C213,38.68119mm,43.61119mm,Bottom,270.0
C214,40.83129mm,43.61119mm,Bottom,270.0
C215,41.87559mm,40.85609mm,Bottom,90.0
C200,27.98129mm,43.61119mm,Bottom,270.0
C201,29.08119mm,43.61119mm,Bottom,270.0
C202,31.23129mm,43.61119mm,Bottom,270.0
C203,32.27169mm,40.85609mm,Bottom,90.0
C195,39.83129mm,49.06119mm,Bottom,270.0
C190,53.93119mm,48.911190000000005mm,Bottom,270.0
C185,32.73119mm,49.06119mm,Bottom,270.0
C180,46.93119mm,49.06119mm,Bottom,270.0
C142,52.18119mm,39.86119mm,Bottom,270.0
C141,50.98119mm,39.86119mm,Bottom,270.0
C139,49.78129mm,39.86119mm,Bottom,90.0
C135,48.58119mm,39.86119mm,Bottom,270.0
C211,37.08929mm,40.85609mm,Bottom,90.0
C210,36.03129mm,43.61119mm,Bottom,270.0
C209,33.881190000000004mm,43.61119mm,Bottom,270.0
C208,32.78129mm,43.61119mm,Bottom,270.0
C147,43.53119mm,57.269890000000004mm,Bottom,180.0
F101,28.48119mm,70.45839000000001mm,Bottom,90.0
R134,37.73119mm,69.96119mm,Bottom,0.0
R133,37.73119mm,71.13619mm,Bottom,0.0
C133,37.881190000000004mm,67.85119mm,Bottom,90.0
R131,44.677189999999996mm,53.20499mm,Bottom,180.0
R130,37.98129mm,58.38619mm,Bottom,90.0
R129,37.98129mm,54.51119mm,Bottom,90.0
Y101,40.26859mm,66.27859000000001mm,Bottom,0.0
C116,41.20979mm,64.78979000000001mm,Bottom,180.0
C115,39.34559mm,64.80349000000001mm,Bottom,0.0
C124,43.53119mm,56.13009mm,Bottom,0.0
R121,53.206590000000006mm,72.63819000000001mm,Bottom,180.0
R106,47.03119mm,70.78619mm,Bottom,0.0
J101,52.381190000000004mm,71.51119mm,Top,180.0
C108,39.48119mm,67.86119000000001mm,Bottom,0.0
R105,57.43029mm,55.242290000000004mm,Top,0.0
R104,57.23029mm,54.05229mm,Top,0.0
R103,57.43029mm,52.94229mm,Top,0.0
R125,57.98119mm,41.381190000000004mm,Top,270.0
C104,31.83119mm,72.46119mm,Bottom,90.0
C137,39.17639mm,52.16969mm,Top,0.0
D101,28.61069mm,66.70569mm,Bottom,180.0
C101,55.57279mm,72.63819000000001mm,Bottom,180.0
R102,27.40869mm,65.13569000000001mm,Bottom,180.0
R101,37.98129mm,62.26119mm,Bottom,270.0
D102,57.28119mm,71.26119mm,Top,90.0
Y102,42.92499mm,61.247690000000006mm,Bottom,90.0
R122,57.28119mm,51.06119mm,Bottom,0.0
R123,54.99099mm,49.037090000000006mm,Bottom,270.0
R127,43.08119mm,66.96119mm,Bottom,180.0
R128,46.75899mm,53.20499mm,Bottom,180.0
D106,35.434290000000004mm,65.82609000000001mm,Top,180.0
D105,35.434290000000004mm,64.02609000000001mm,Top,180.0
D107,41.58619mm,69.55069mm,Bottom,180.0
D104,35.434290000000004mm,62.22609mm,Top,180.0
D103,35.434290000000004mm,60.42609mm,Top,180.0
C140,43.08119mm,65.86119000000001mm,Bottom,0.0
C132,40.64869mm,62.236290000000004mm,Bottom,90.0
C136,40.64869mm,60.16109mm,Bottom,270.0
C127,51.28119mm,53.20499mm,Bottom,0.0
C138,26.81509mm,69.23339mm,Bottom,90.0
C130,41.29869mm,55.11469mm,Bottom,0.0
C131,51.28119mm,52.06119mm,Bottom,0.0
C122,41.29869mm,57.269890000000004mm,Bottom,180.0
C114,57.14949mm,67.06119000000001mm,Top,0.0
C103,30.781190000000002mm,72.46119mm,Bottom,90.0
C113,57.14949mm,68.26119mm,Top,180.0
C102,30.98119mm,65.13569000000001mm,Bottom,180.0
U105,46.69059mm,61.11119000000001mm,Top,270.0
D415,16.950001mm,63.88719999999999mm,Bottom,270.0
R428,17.934401mm,50.4417mm,Bottom,90.0
R427,4.800001mm,49.087199999999996mm,Bottom,0.0
R426,16.325801mm,49.4471mm,Top,270.0
R425,15.017700999999999mm,56.5622mm,Top,90.0
R424,15.017700999999999mm,58.8593mm,Top,270.0
LED4,3.258101mm,48.198299999999996mm,Top,270.0
LED3,16.325801mm,51.596399999999996mm,Top,90.0
LED2,16.099101mm,56.587199999999996mm,Top,90.0
LED1,16.099101mm,58.8343mm,Top,270.0
R422,9.108401mm,48.087199999999996mm,Bottom,180.0
C426,15.340001mm,53.4872mm,Top,0.0
C425,12.650001mm,53.4872mm,Top,180.0
F410,9.807001mm,61.754mm,Top,0.0
C415,14.973400999999999mm,47.7872mm,Bottom,0.0
C414,13.998401000000001mm,57.2972mm,Bottom,180.0
U411,12.572201mm,52.4372mm,Bottom,90.0
D410,5.450001mm,61.45399999999999mm,Bottom,180.0
R411,5.548401mm,64.354mm,Bottom,270.0
D417,8.198401mm,64.5872mm,Bottom,180.0
C410,13.443000999999999mm,62.6472mm,Bottom,180.0
D412,9.100000999999999mm,65.204mm,Top,180.0
R410,6.3234010000000005mm,65.2372mm,Top,0.0
D413,9.100000999999999mm,63.57899999999999mm,Top,180.0
C411,8.173401mm,62.7872mm,Bottom,0.0
R413,8.173401mm,61.254mm,Bottom,0.0
D414,5.650001mm,62.7872mm,Bottom,0.0
D418,9.380001mm,57.587199999999996mm,Top,0.0
D416,14.251601mm,61.680899999999994mm,Top,180.0
U410,13.848400999999999mm,64.2872mm,Top,180.0
C412,13.443000999999999mm,64.68719999999999mm,Bottom,180.0
C413,11.473400999999999mm,63.8501mm,Top,90.0
D411,5.798401mm,62.7787mm,Top,0.0
U420,6.713401mm,53.678999999999995mm,Bottom,180.0
R420,10.823401mm,62.104099999999995mm,Bottom,90.0
C429,9.008401mm,49.087199999999996mm,Bottom,0.0
C427,9.729701mm,62.2891mm,Bottom,270.0
C428,6.819301mm,49.087199999999996mm,Bottom,180.0
C423,7.646601mm,59.178999999999995mm,Bottom,90.0
C421,8.838201mm,59.178999999999995mm,Bottom,90.0
C422,10.029701mm,59.178999999999995mm,Bottom,90.0
C424,6.450001mm,59.178999999999995mm,Bottom,270.0
R421,10.204701mm,57.417199999999994mm,Bottom,0.0
R423,6.919301mm,48.087199999999996mm,Bottom,180.0
D420,8.450001mm,47.087199999999996mm,Top,0.0
C420,5.400001mm,59.587199999999996mm,Bottom,270.0
L420,13.350000999999999mm,59.4872mm,Bottom,180.0
D421,13.700001mm,49.1264mm,Top,270.0
L421,7.950001mm,51.6872mm,Top,0.0
D752,83.875mm,72.7472mm,Bottom,90.0
D753,80.375mm,68.7972mm,Bottom,270.0
Q752,80.375mm,72.7472mm,Bottom,90.0
Q753,83.875mm,68.7972mm,Bottom,90.0
R758,72.725mm,71.3472mm,Bottom,270.0
R759,76.325mm,72.44720000000001mm,Bottom,180.0
R760,77.225mm,74.39720000000001mm,Bottom,180.0
R761,76.325mm,69.94720000000001mm,Bottom,180.0
R762,77.775mm,67.2472mm,Bottom,90.0
R763,74.625mm,67.5472mm,Bottom,180.0
C751,79.225mm,71.2472mm,Top,270.0
C752,84.125mm,70.5472mm,Top,180.0
C754,84.125mm,71.8472mm,Top,180.0
D751,81.025mm,73.7472mm,Top,180.0
R751,74.625mm,67.5472mm,Top,180.0
R752,72.725mm,71.3472mm,Top,270.0
R753,76.325mm,69.94720000000001mm,Top,180.0
R754,76.325mm,72.44720000000001mm,Top,180.0
R755,80.525mm,71.2472mm,Top,270.0
R756,84.125mm,73.69720000000001mm,Top,180.0
R757,82.025mm,71.2472mm,Top,270.0
U751,81.925mm,68.0472mm,Top,0.0
